node_id,label,Entity_name
0,0,junit.ui.TestRunner
1,0,junit.tests.SuiteTest
2,0,junit.runner.LoadingTestCollector
3,0,junit.runner.ReloadingTestSuiteLoader
4,0,junit.framework.TestResult
5,0,junit.runner.SimpleTestCollector
6,0,junit.tests.TestCaseTest
7,0,junit.runner.Sorter
8,0,junit.tests.TestImplementorTest
9,0,junit.samples.SimpleTest
10,0,junit.framework.Assert
11,0,junit.tests.SorterTest
12,0,junit.tests.OneTestCase
13,0,junit.samples.money.IMoney
14,0,junit.swingui.DefaultFailureDetailView
15,0,junit.tests.LoadedFromJar
16,0,junit.samples.money.MoneyBag
17,0,junit.samples.money.Money
18,0,junit.swingui.TestTreeModel
19,0,junit.swingui.FailureRunView
20,0,junit.swingui.TestRunContext
21,0,junit.extensions.RepeatedTest
22,0,junit.extensions.TestDecorator
23,0,junit.framework.TestCase
24,0,junit.tests.Success
25,0,junit.tests.ActiveTestTest
26,0,junit.tests.TestListenerTest
27,0,junit.framework.TestFailure
28,0,junit.samples.VectorTest
29,0,junit.extensions.TestSetup
30,0,junit.tests.ClassLoaderTest
31,0,junit.runner.TestSuiteLoader
32,0,junit.tests.ExtensionTest
33,0,junit.runner.BaseTestRunner
34,0,junit.tests.Failure
35,0,junit.runner.FailureDetailView
36,0,junit.tests.TextRunnerTest
37,0,junit.swingui.ProgressBar
38,0,junit.tests.AssertTest
39,0,junit.framework.Test
40,0,junit.tests.InheritedTestCase
41,0,junit.tests.WasRun
42,0,junit.runner.TestCaseClassLoader
43,0,junit.tests.TestCaseClassLoaderTest
44,0,junit.awtui.Logo
45,0,junit.swingui.TestSelector
46,0,junit.runner.TestCollector
47,0,junit.tests.OverrideTestCase
48,0,junit.runner.Version
49,0,junit.framework.TestSuite
50,0,junit.runner.ClassPathTestCollector
51,0,junit.framework.Protectable
52,0,junit.awtui.TestRunner
53,0,junit.tests.AllTests
54,0,junit.framework.TestListener
55,0,junit.swingui.TestHierarchyRunView
56,0,junit.runner.StandardTestSuiteLoader
57,0,junit.tests.NoTestCases
58,0,junit.tests.NotVoidTestCase
59,0,junit.swingui.TestRunner
60,0,junit.tests.RepeatedTestTest
61,0,junit.swingui.StatusLine
62,0,junit.samples.money.MoneyTest
63,0,junit.extensions.ActiveTestSuite
64,0,junit.swingui.TestSuitePanel
65,0,junit.swingui.CounterPanel
66,0,junit.textui.TestRunner
67,0,junit.tests.NotPublicTestCase
68,0,junit.extensions.ExceptionTestCase
69,0,junit.swingui.AboutDialog
70,0,junit.swingui.TestRunView
71,0,junit.tests.StackFilterTest
72,0,junit.tests.ExceptionTestCaseTest
